{
  "version": 1,
  "skip": {
    "included_images": false,
    "behaviour_settings": true
  },
  "included_images": {
    "iconResource": "iamg/library_buttons.svg",
    "functionResource": "iamg/included_imagesEvents.js",
    //should be added in the editor library
    "init": "included_images_init",
    //The group where to place the controller GUI
    "group": "right",
    // Embed the controller in the group, changing the panel dimensions
    "embedded": false,
    // Position of the controller relative to the group. If right group, the position is of the top right corner.
    "position": {
      "x": -5,
      "y": 45
    },
    //The corner point in the controller to use for position: tl, tr, bl, br, c
    "corner": "tr",
    //whether to display by default. I causes controller.{name}.open or closed even (respectively) to be fired after creation.
    "activeDefault": false,
    //The properties of the controller.
    "properties": [
      {
        "type": "elementList",
        "with": 100,
        "id": "selected_images",
        "settings": {
          "name": "selected_images",
          "width": 100,
          "height": 100,
          "frame_style": {
            "stroke": "black",
            "fill": "none",
            "strokeWidth": 2
          },
          "scroll_box": {
            "height": "panelHeight - 50 - 50"
          },
          "buttons": [
            {
              "icon": "iamg_included_one_image_clear_icon",
              "width": 17,
              "position": {
                "x": 76,
                "y": 5
              },
              "style": {
                "opacity": 0.9
              },
              "click": "iamg.included_images.remove_image"
            }
          ]
        }
      }
    ],
    "settings": {
      "changeEvent": "iamg.included_images"
    },
    "button": {
      "home_setting": {
        "activeIcon": "iamg_home_icon",
        "inactiveIcon": "",
        "events": {
          "mouse": {
            "click": "iamg_go_home"
          },
          "activate": true
        },
        "activeDefault": true,
        //        "functionResource": "scripts/buttonEvents.js",
        "height": 40,
        "place": "left",
        "position": {
          "x": 10,
          "y": 7
        },
        //        "order": 4,
        //        "group": "includes",
        "message": "[Gallery Home Screen]",
        "class": "iamg-button"
      },
      "iamg_create_gallery": {
        //        "iconResource": "buttons.svg",
        "activeIcon": "iamg_create_gallery_icon",
        "inactiveIcon": "",
        "events": {
          "mouse": {
            "click": "iamg_create_gallery"
          },
          "activate": true
        },
        "activeDefault": false,
        //        "functionResource": "scripts/buttonEvents.js",
        "height": 50,
        "place": "right",
        "position": {
          "x": -157,
          "y": 10
        },
        //        "order": 4,
        //        "group": "includes",
        "message": "[Preview the Gallery]",
        "class": "iamg-button"
      },
      "included_images": {
        //        "iconResource": "buttons.svg",
        "activeIcon": "iamg_included_images_icon",
        "inactiveIcon": "",
        "events": {
          "mouse": {
            "click": "included_imagesToggle"
          }
        },
        "activeDefault": true,
        //        "functionResource": "scripts/buttonEvents.js",
        "height": 30,
        "place": "right",
        "position": {
          "x": -80,
          "y": 10
        },
        //        "order": 3,
        //        "group": "includes",
        "message": "[Images to be included] in the gallery",
        "class": "iamg-button"
      },
      "clear_included_images": {
        //        "iconResource": "buttons.svg",
        "activeIcon": "iamg_included_images_clear_icon",
        "inactiveIcon": "",
        "events": {
          "mouse": {
            "click": "included_images_clear"
          },
          "activate": true
        },
        "activeDefault": false,
        //        "functionResource": "scripts/buttonEvents.js",
        "height": 30,
        "place": "right",
        "position": {
          "x": -25,
          "y": 10
        },
        //        "order": 4,
        //        "group": "includes",
        "message": "[Clear all images] from gallery",
        "class": "iamg-button"
      },
      "back_to_setup": {
        "activeIcon": "iamg_back_icon",
        "inactiveIcon": "none",
        "events": {
          "mouse": {
            "click": "iamg_back_to_setup"
          },
          "activate": true
        },
        "activeDefault": false,
        //        "functionResource": "scripts/buttonEvents.js",
        "height": 40,
        "place": "topcenter",
        "position": {
          "x": 40,
          "y": 0
        },
        //        "order": 4,
        //        "group": "includes",
        "message": "[Back to Gallery Selection]",
        "class": "iamg-preview-button"
      },
      "save_gallery": {
        //        "iconResource": "buttons.svg",
        "activeIcon": "iamg_save_pres_icon",
        "inactiveIcon": "none",
        "events": {
          "mouse": {
            "click": "iamg_save_gallery"
          },
          "activate": true
        },
        "activeDefault": false,
        //        "functionResource": "scripts/buttonEvents.js",
        "height": 50,
        "place": "topcenter",
        "position": {
          "x": 95,
          "y": 0
        },
        //        "order": 4,
        //        "group": "includes",
        "message": "[Publish the Gallery]",
        "class": "iamg-preview-button"
      }
    }
  },
  "behaviour_settings": {
    "iconResource": "iamg/library_buttons.svg",
    "functionResource": "iamg/included_imagesEvents.js",
    //should be added in the editor library
    "init": "behaviour_settings_init",
    //The group where to place the controller GUI
    "group": "center",
    // Embed the controller in the group, changing the panel dimensions
    "embedded": false,
    // Position of the controller relative to the group. If right group, the position is of the top right corner.
    "position": {
      "x": 0,
      "y": 0
    },
    //The corner point in the controller to use for position: tl, tr, bl, br, c
    "corner": "c",
    //whether to display by default. I causes controller.{name}.open or closed even (respectively) to be fired after creation.
    "activeDefault": false,
    "maxSize": [
      "panelWidth",
      "panelHeight"
    ],
    //The properties of the controller.
    "properties": [
      [
        {
          "type": "icon",
          "id": "iamg_fixed_info_icon",
          "width": 150
        },
        {
          "type": "space",
          "width": 2
        },
        {
          "type": "icon",
          "id": "iamg_adaptive_info_icon",
          "width": 150
        },
        {
          "type": "space",
          "width": 2
        },
        {
          "type": "icon",
          "id": "iamg_full_info_icon",
          "width": 150
        }
      ],
      [
        {
          "type": "button",
          "id": "fixed",
          "settings": {
            "name": "iamg_fixed_behave_icon",
            "width": 150,
            "message": "[The gallery is fixed in the page flow.]"
          }
        },
        {
          "type": "space",
          "width": 2
        },
        {
          "type": "button",
          "id": "adaptive",
          "settings": {
            "name": "iamg_adaptive_behave_icon",
            "width": 150,
            "message": "[The gallery window stretches \\n horizontally when interacted with.]"
          }
        },
        {
          "type": "space",
          "width": 2
        },
        {
          "type": "button",
          "id": "full",
          "settings": {
            "name": "iamg_full_behave_icon",
            "width": 150,
            "message": "[The gallery stretches to fill \\n the full screen, removing \\n all other page elements.]"
          }
        }
      ],
      [
        {
          "type": "space",
          "width": 5
        },
        {
          "type": "button",
          "id": "use_height",
          "toggleElements": true,
          "param": {
            "height_toggle_pixel": false,
            "height_toggle_percent": true,
            "height_percent": false,
            "height_pixel": true,
            "not_use_height": true,
            "use_height": false
          },
          "settings": {
            "name": "iamg_height_use",
            "height": 25
          }
        },
        {
          "type": "button",
          "id": "not_use_height",
          "toggleElements": true,
          "hidden": true,
          "param": {
            "height_toggle_pixel": false,
            "height_toggle_percent": false,
            "height_percent": false,
            "height_pixel": false,
            "not_use_height": false,
            "use_height": true
          },
          "settings": {
            "name": "iamg_height_not_use",
            "height": 25
          }
        },
        {
          "type": "space",
          "width": 5
        },
        {
          "type": "slider",
          "id": "height_percent",
          "hidden": true,
          "settings": {
            //            "title": "Height %",
            //            "title_position": "b",
            //            "title_orientation": "tb",
            //            "title_offset": 15,
            "min": 20,
            "max": 100,
            "initial": 100,
            "precision": 0,
            "size": 140,
            "width": 10,
            "direction": "h l",
            "head_shape": "iamg_width_head",
            "head_width": 24,
            //          "segment_label": true,
            "label": true,
            "label_offset": 15,
            "scale_type": "lin"
          }
        },
        {
          "type": "slider",
          "id": "height_pixel",
          "hidden": true,
          "settings": {
            //            "title": "Height px",
            //            "title_position": "b",
            //            "title_orientation": "tb",
            //            "title_offset": 15,
            "min": 100,
            "max": 2000,
            "initial": 600,
            "precision": 0,
            "size": 140,
            "width": 10,
            "direction": "h l",
            "head_shape": "iamg_width_head",
            "head_width": 24,
            //          "segment_label": true,
            "label": true,
            "label_offset": 15,
            "scale_type": "lin"
          }
        },
        {
          "type": "button",
          "id": "height_toggle_pixel",
          "hidden": true,
          "toggleElements": true,
          "param": [
            "height_toggle_pixel",
            "height_toggle_percent",
            "height_percent",
            "height_pixel"
          ],
          "settings": {
            "icon": "iamg_height_toggle_percent",
            "width": 20
          }
        },
        {
          "type": "button",
          "id": "height_toggle_percent",
          "hidden": true,
          "toggleElements": true,
          "param": [
            "height_toggle_pixel",
            "height_toggle_percent",
            "height_percent",
            "height_pixel"
          ],
          "settings": {
            "icon": "iamg_height_toggle_pixel",
            "width": 20
          }
        }
      ],
      [
        {
          "type": "space",
          "width": 5
        },
        {
          "type": "button",
          "id": "use_width",
          "toggleElements": true,
          "param": {
            "width_toggle_pixel": false,
            "width_toggle_percent": true,
            "width_percent": false,
            "width_pixel": true,
            "not_use_width": true,
            "use_width": false
          },
          "settings": {
            "name": "iamg_width_use",
            "height": 25
          }
        },
        {
          "type": "button",
          "id": "not_use_width",
          "toggleElements": true,
          "hidden": true,
          "param": {
            "width_toggle_pixel": false,
            "width_toggle_percent": false,
            "width_percent": false,
            "width_pixel": false,
            "not_use_width": false,
            "use_width": true
          },
          "settings": {
            "name": "iamg_width_not_use",
            "height": 25
          }
        },
        {
          "type": "space",
          "width": 5
        },
        {
          "type": "slider",
          "id": "width_percent",
          "hidden": true,
          "settings": {
            //            "title": "Width %",
            //            "title_position": "b",
            //            "title_orientation": "tb",
            //            "title_offset": 15,
            "min": 20,
            "max": 100,
            "initial": 100,
            "precision": 0,
            "size": 140,
            "width": 10,
            "direction": "h l",
            "head_shape": "iamg_width_head",
            "head_width": 24,
            //          "segment_label": true,
            "label": true,
            "label_offset": 15,
            "scale_type": "lin"
          }
        },
        {
          "type": "slider",
          "id": "width_pixel",
          "hidden": true,
          "settings": {
            //            "title": "Width %",
            //            "title_position": "b",
            //            "title_orientation": "tb",
            //            "title_offset": 15,
            "min": 100,
            "max": 2000,
            "initial": 600,
            "precision": 0,
            "size": 140,
            "width": 10,
            "direction": "h l",
            "head_shape": "iamg_width_head",
            "head_width": 24,
            //          "segment_label": true,
            "label": true,
            "label_offset": 15,
            "scale_type": "lin"
          }
        },
        {
          "type": "button",
          "id": "width_toggle_pixel",
          "hidden": true,
          "toggleElements": true,
          "param": [
            "width_toggle_pixel",
            "width_toggle_percent",
            "width_percent",
            "width_pixel"
          ],
          "settings": {
            "icon": "iamg_height_toggle_percent",
            "width": 20
          }
        },
        {
          "type": "button",
          "id": "width_toggle_percent",
          "hidden": true,
          "toggleElements": true,
          "param": [
            "width_toggle_pixel",
            "width_toggle_percent",
            "width_percent",
            "width_pixel"
          ],
          "settings": {
            "icon": "iamg_height_toggle_pixel",
            "width": 20
          }
        }
      ]
    ],
    "settings": {
      "changeEvent": "iamg.behaviour_settings",
      "background": {
        "border": [
          [
            10,
            3
          ],
          [
            10,
            0
          ]
        ],
        "r": 10
      }
    },
    "button": {
      "behave_setting": {
        "activeIcon": "iamg_behave_icon",
        "inactiveIcon": "",
        "activeDefault": true,
        "place": "right",
        "height": 30,
        "position": {
          "x": -225,
          "y": 10
        },
        //        "toggleGroup": "tools",
        "events": {
          "mouse": {
            "click": "behave_setting_toggle"
          }
        },
        "message": "[Set Behaviour] of the gallery"
      }
      //      "behave_menu": {
      //        "menu": {
      //          "type": "top",
      //          "auto_hide": 5000,
      //          "next_to_button": true,
      //          "animate": false,
      //          "background": false
      //        },
      //        "place": "right"
      //      },
      //      "fixed_behave": {
      //        "activeIcon": "iamg_fixed_behave_icon",
      //        "events": {
      //          "mouse": {
      //            "click": {
      //              "operation": "iamg_set_behavior",
      //              "params": ["fixed"]
      //            }
      //          },
      //          "activate": true
      //        },
      //        "activeDefault": true,
      //        //        "functionResource": "scripts/buttonEvents.js",
      //        "height": 30,
      //        "place": "menu",
      //        "inMenu": "behave_menu",
      //        //        "order": 4,
      //        //        "group": "includes",
      //        "message": "[Fixed Gallery]"
      //        //        "class": "iamg-preview-button"
      //      },
      //      "adaptive_behave": {
      //        "activeIcon": "iamg_adaptive_behave_icon",
      //        "events": {
      //          "mouse": {
      //            "click": {
      //              "operation": "iamg_set_behavior",
      //              "params": ["adaptive"]
      //            }
      //          },
      //          "activate": true
      //        },
      //        "activeDefault": true,
      //        //        "functionResource": "scripts/buttonEvents.js",
      //        "height": 30,
      //        "place": "menu",
      //        "inMenu": "behave_menu",
      //        //        "order": 4,
      //        //        "group": "includes",
      //        "message": "[Adaptive Gallery]"
      //        //        "class": "iamg-preview-button"
      //      },
      //      "full_behave": {
      //        "activeIcon": "iamg_full_behave_icon",
      //        "events": {
      //          "mouse": {
      //            "click": {
      //              "operation": "iamg_set_behavior",
      //              "params": ["full"]
      //            }
      //          },
      //          "activate": true
      //        },
      //        "activeDefault": true,
      //        //        "functionResource": "scripts/buttonEvents.js",
      //        "height": 30,
      //        "place": "menu",
      //        "inMenu": "behave_menu",
      //        //        "order": 4,
      //        //        "group": "includes",
      //        "message": "[Full Gallery]"
      //        //        "class": "iamg-preview-button"
      //      }
    }
  }
}